GDPQ;LHEM;LPMHU;P16;FM2;FYGM3;PUNEW;CANN;GBRN;DEUN;FRAN;ITAN;JPNN;ESPN;CANRGDP;GBRRGDP;FDRRGDPS;FRARGDP;ITARGDP;JPNGNP85;ESPGDPVS
1239.5;;91.70333354;101203.3333;;0.379999995;21.70000013;;;;;;;;;;;;;;
1247.199951;;91.39000193;101662;;0.379999995;22.03333346;;;;;;;;;;;;;;
1255;;91.63666534;102060;;0.736666679;22.46666654;;;;;;;;;;;;;;
1269.5;;92.8799998;102386.3333;;0.906666676;23.13333321;;;;;;;;;;;;;;
1284;57976;93.27666728;102690.6667;;0.99000001;23.63333384;;;;;;;;;;;;;;
1295.699951;58296;93.12333171;102915.3333;;1;23.96666654;;;;;;;;;;;;;;
1303.800049;58645.66667;94.07333374;103249;;1.049999992;24.39999962;;;;;;;;;;;;;;
1316.400024;58514.66667;93.57666779;103417.6667;;1.139999986;24.16666667;;;;;;;;;;;;;;
1305.300049;58142;91.85000102;103584.3333;;1.169999957;23.93333308;;;;;;;;;;;;;;
1302;57490.33333;90.38999939;103838;;1.169999957;23.89999962;;;;;;;;;;;;;;
1312.599976;57390.33333;89.46666718;104127.3333;;1.043333332;23.70000076;;;;;;;;;;;;;;
1301.900024;57707.66667;88.41666667;104427.6667;;1.076666673;23.6666673;;;;;;;;;;;;;;
1350.900024;57704.66667;89.41666921;104733.3333;;1.103333354;23.56666692;;;;;;;;;;;;;;
1393.5;58761.33333;92.20333354;105020.3333;;1.153333306;23.76666641;;;;;;;;;;;;;;
1445.199951;59457.66667;95.70000203;105248.3333;;1.219999989;24.20000013;;;;;;;;;;;;;;
1484.5;59643;97.14666748;104982.3333;;1.336666663;24.70000013;;;;;;;;;;;;;;
1504.099976;59899.33333;99.08000183;104692.3333;;1.366666675;25.69999949;;;;;;;;;;;;;;
1548.300049;59899;99.76666514;104506.6667;;1.49000001;25.93333308;;;;;;;;;;;;;;
1585.400024;59954.33333;99.44999949;104542.6667;;1.603333314;25.93333308;;;;;;;;;;;;;;
1596;60114.33333;99.54333242;104746.6667;;1.609999975;26.33333333;;;;;;;;;;;;;;
1607.699951;60276.66667;100.6133321;104863.3333;;1.566666683;26.43333308;;;;;;;;;;;;;;
1612.099976;60107.66667;100.0533346;105006.6667;;1.646666686;26.5;;;;;;;;;;;;;;
1621.900024;60094;100.7900009;105342.6667;;1.783333341;26.6666673;;;;;;;;;;;;;;
1657.800049;60611.33333;103.2799988;105703;;1.893333316;26.70000076;;;;;;;;;;;;;;
1687.300049;61831.33333;104.2699992;106672;;1.980000019;26.60000038;;;;;;;;;;;;;;
1695.300049;61306.33333;104.2833328;106904.6667;;2.153333346;26.73333359;;;;;;;;;;;;;;
1687.900024;61151.33333;103.3600006;107139.6667;;1.956666629;26.86666616;;;;;;;;;;;;;;
1671.199951;60536;102.399999;107503.3333;;1.473333359;26.89999962;;;;;;;;;;;;;;
1660.800049;60291;100.5833333;107876.6667;;1.059999983;26.93333308;;;;;;;;;;;;;;
1658.400024;59961.66667;99.90000153;108177;;0.786666652;26.89999962;;;;;;;;;;;;;;
1677.699951;59926;99.37333425;108443.3333;;0.883333345;26.86666616;;;;;;;;;;;;;;
1698.300049;60247.66667;100.6133347;108786;;1.016666671;26.76666641;;;;;;;;;;;;;;
1742.5;60814.66667;102.053332;109130.3333;;1.226666649;26.79999924;;;;;;;;;;;;;;
1758.599976;61643.33333;104.1066666;109533.6667;;1.483333349;26.76666641;;;;;;;;;;;;;;
1778.199951;62753.33333;105.1399994;109883.6667;;1.856666644;26.79999987;;;;;;;;;;;;;;
1793.900024;63310.66667;106.3100001;110186;;2.339999994;26.86666616;;;;;;;;;;;;;;
1787;63560.66667;107.0366643;110483.3333;;2.326666673;26.86666616;;;;;;;;;;;;;;
1798.5;63765;107.25;110787.6667;;2.566666603;27.03333346;;;;;;;;;;;;;;
1802.199951;63950.33333;106.8566666;111113.3333;;2.583333254;27.29999924;;;;;;;;;;;;;;
1826.599976;63893.66667;108.3233337;111431;;3.033333381;27.53333346;;;;;;;;;;;;;;
1836.400024;64097.66667;108.2366638;111720.3333;;3.099999905;27.79999987;;;;;;;;;;;;;;
1834.800049;64076;107.6433334;112045.3333;;3.136666616;28;;;;;;;;;;;;;;
1851.199951;64206.66667;107.4166641;112430.6667;;3.353333314;28.26666641;;;;;;;;;;;;;;
1830.5;63879;105.7933324;112865.6667;;3.303333282;28.39999962;;;;;;;;;;;;;;
1790.099976;62949.66667;103.6666667;113236.3333;;1.75999999;28.73333359;;;;;;;;;;;;;;
1804.400024;62745;102.043335;113532;;0.956666668;28.89999962;;;;;;;;;;;;;;
1840.900024;62979.33333;103.0900014;113846.3333;;1.680000047;28.89999962;;;;;;;;;;;;;;
1880.900024;63498;104.8600006;114283.3333;;2.690000057;28.93333308;;;;;;;;;;;;;;
1904.900024;63939.66667;106.9733327;114714.3333;287.8666687;2.773333311;29;;;;;;;;;;;;;;
1937.5;64772;108.9866664;115139;292.0999959;3;29.03333346;;;;;;;;;;;;;;
1930.800049;64875;108.3066661;115550.6667;296.0666606;3.540000041;29.1666673;;;;;;;;;;;;;;
1941.900024;64927.33333;108.649999;115918;297.200002;4.230000019;29.39999962;;;;;;;;;;;;;;
1976.900024;65213.33333;109.9766693;116707.6667;298.6666667;3.873333295;29.39999962;;;;;;;;165136;263816;826.8;;;63206;
1971.699951;66061.33333;110.1166662;117036.6667;301.1000061;2.99333334;29.56666692;;;;;;;;161960;262080;838.4;;;63325;
1973.699951;66023.66667;109.6233342;117411;306.4000041;2.359999975;29.60000038;;;;;;;;164432;265824;877.2;;;65451;
1961.099976;65839.66667;108.4666646;117824.3333;310.9666646;2.306666613;29.79999924;;;;;;;;164976;266124;879.6;;;68181;
1977.400024;65738;107.8333333;118254.3333;316.3000081;2.350000064;29.79999924;;;;;;;;163668;270436;888.8;;;70091;
2006;65605.33333;108.2366689;118636;322.0999959;2.303333282;29.79999924;;;;;;;;168236;272244;881.2;;;71448;
2035.199951;65667;109.3666662;119000.6667;327.5333354;2.303333362;29.93333308;;;;;;;;171188;271852;906;;;72698;
2076.5;65966.66667;110.5466665;119189.6667;333.4000041;2.459999959;30;;;;;;;;173992;270536;904;;;76292;
2103.800049;66379.66667;111.1100006;119378.6667;340.2333374;2.723333359;30.10000038;6170.7238;2419.844;;;20294.4438;4535.2206;;178936;271360;919.2;;;77345;
2125.699951;66576.66667;112.7766673;119819.3333;347.4000041;2.713333368;30.20000076;6240.1042;2417.9816;;;20315.999;4544.33;;179136;275108;926;;;78453;
2142.600098;66881;113.1933339;120368;352.7666626;2.839999994;30.29999987;6241.7484;2415.9647;;;20399.5031;4561.8934;;181864;277564;954.4;;;79416;
2140.199951;66969.33333;113.246666;121045.6667;359.9666646;2.813333273;30.39999962;6248.0619;2408.2829;;;20337.3425;4580.4876;;185120;275444;946;;;80946;
2170.899902;67149;113.3899994;121640;367.9666646;2.906666756;30.46666654;6263.0333;2407.7601;;;19994.8142;4538.0171;;186320;275420;915.2;;;82040;
2199.5;67635.33333;114.6266683;122166.6667;375.8666687;2.936666727;30.53333346;6319.7175;2422.9582;;;20131.3546;4585.1617;;188624;286164;954.4;;;84363;
2237.600098;67995.66667;115.2799988;122669.6667;383.5000102;3.293333371;30.73333359;6416.4669;2423.9604;;;20020.8702;4611.921;;190508;288188;992.8;;;86721;
2254.5;68258;115.8933309;123188.6667;391.0666707;3.49666667;30.79999987;6499.1981;2437.3624;;;20037.3852;4641.4394;;197236;293204;991.6;;;89601;
2311.100098;68613.66667;116.0633316;123708;397.6000061;3.529999971;30.89999962;6551.2145;2445.7883;;14134.8395;20236.4707;4637.3472;;200964;296940;1007.6;;;92663;
2329.899902;69401.66667;117.5100021;124203;404.2999878;3.476666689;31;6584.289;2451.8193;;14218.335;20038.4063;4651.0189;;201788;300348;1019.2;;;95192;
2357.399902;69480;118.2166672;124739.3333;413.4000041;3.49666667;31.03333346;6626.9647;2461.9462;;14320.2505;19874.8077;4650.3382;;204832;300400;1032.4;;;96613;
2364;69710.33333;119.6766663;125289;422.0666707;3.683333317;31.1666673;6671.8466;2468.524;;14380.8022;19725.0263;4683.573;;205944;307436;1042;;;97481;
2410.100098;70187.66667;121.5200017;125814;430.3999939;3.890000025;31.29999924;6779.1037;2475.7544;;14423.2465;19510.5286;4705.4425;;212268;307368;1061.6;;;98560;
2442.800049;70897.33333;122.5666656;126324.6667;437.4666646;3.873333375;31.5;6829.3808;2476.837;;14463.5754;19428.0162;4704.6568;;214340;306420;1079.6;;;99940;
2485.5;71369.33333;123.546669;126745;445.9333394;3.866666635;31.60000038;6890.7559;2477.6536;;14518.4433;19542.4501;4742.4085;;217492;308912;1086.4;;;102169;
2543.800049;71827;125.3233337;127169.3333;456.0333252;4.166666826;31.73333359;6946.4347;2489.8678;;14571.4593;19538.7482;4765.1477;;223108;312920;1090;;;103353;
2596.800049;72173.33333;127.5633341;127511.3333;464.5999959;4.610000134;32.06666629;7153.8872;2494.7036;;14653.7808;19137.2375;4802.8031;;228216;313556;1111.6;;;106423;
2601.399902;72594;128.8166656;127868.6667;470.0999959;4.586666584;32.36666743;7201.7932;2492.7295;;14735.0293;19203.842;4820.9707;;231320;314372;1117.6;;;110773;
2626.100098;73088;129.756663;128233.6667;472.9333293;5.043333371;32.66666667;7269.8933;2491.5953;;14785.4472;19188.2044;4834.8951;;231964;315308;1116.4;;;113461;
2640.5;73656.66667;130.7166697;128617;477.8333333;5.210000038;32.90000153;7339.8035;2469.2279;;14837.4938;19188.4433;4852.507;;234576;315756;1098.4;;;115540;
2657.199951;73572;130.9599965;129043.6667;485.3666585;4.513333321;32.96666718;7393.0055;2455.2284;;14889.8585;19451.1912;4867.7401;;234076;319400;1093.2;;;118714;
2669;74001.33333;130.8799998;129527;497.0666707;3.659999927;33.1666654;7417.3076;2456.978;;14900.1119;19355.0219;4934.5857;;238776;322332;1092.8;;;121667;
2699.5;74713.66667;131.8166606;130165.6667;510.7333374;4.300000032;33.5;7503.0454;2459.5822;;14908.1799;19393.6634;4936.5521;;239816;322160;1116.4;;;125991;
2715.100098;75216.33333;132.7200012;130757.3333;521.2999878;4.753333251;33.86666743;7488.2988;2448.3878;;14900.0658;19421.4796;4943.7595;;240556;323952;1131.6;;;128461;
2752.100098;75102.66667;133.3133291;131267;530.0333252;5.050000032;34.19999949;7471.9235;2444.9097;;14966.9452;19417.5671;4958.195;;243008;334964;1338;;;131466;
2796.899902;75950;134.3766632;131712.3333;539.0666707;5.519999981;34.5333341;7539.4438;2442.7888;;14950.0777;19501.1654;4999.8369;;249204;330480;1348.4;;;136140;
2816.800049;76100.66667;135.8333333;132250;549.8000081;5.196666718;35;7632.4746;2445.2026;;15055.9148;19370.3086;5015.0726;;253556;336080;1378;;;139342;
2821.699951;76498.66667;136.5633291;132880;562.1666667;5.586666584;35.43333308;7726.0568;2446.6017;;15195.0735;19262.0597;5036.7235;;258488;338788;1398.8;;;148197;
2864.600098;77166.33333;138.0500031;133476;571.5999959;6.093333244;35.86666616;7805.1687;2445.8603;;15337.7587;19215.2516;5015.7198;;260376;338860;1434;;;148965;
2867.800049;77605;139.2300008;134020.3333;577;6.196666718;36.43333308;7854.0238;2446.9211;;15495.2521;19278.3175;5036.7044;;261792;340784;1452.4;;;153149;
2884.5;78153;140.1966705;134595;580.8666585;7.023333391;36.93333308;7825.5714;2446.0844;;15655.8707;19125.4058;5053.7003;;265296;342960;1483.6;;;156649;
2875.100098;78575.33333;140.5099996;135246.6667;586.7333374;7.353333314;37.5;7841.994;2443.73;;15789.835;19226.2247;5058.4199;;270568;345348;1506.4;;;163411;
2867.800049;78780.33333;140.0299988;135949.6667;589.6999919;7.210000038;38.09999975;7860.4405;2445.6897;2643.18;15867.6238;19264.7165;5078.106;12368;270144;343308;1509.2;1979.7;517696;168103;20287
2859.5;78635.66667;139.2166646;136676.6667;593.6999919;6.676666737;38.63333257;7919.3182;2436.9354;2653.9;15947.9643;19276.5884;5096.0426;12368;268776;349948;1545.6;2010.7;521916;169644;20417
2895;78616;137.243337;137456;606.3000081;6.329999924;39.0333341;7928.3341;2437.1873;2661.938;16028.4484;19354.7589;5107.745;12357;273448;352156;1553.2;2044.8;529268;174282;20583
2873.300049;78643;137.2766673;138260.3333;622.6666463;5.353333314;39.59999975;7971.3984;2436.6881;2666.907;16054.2122;19407.0837;5095.579;12357;273120;353764;1572.4;2080.4;530420;174178;20762
2939.899902;78717.33333;137.6933339;139033.6667;642.6666463;3.840000073;39.93333435;8010.2315;2411.6112;2668.447;16096.5285;19342.0462;5130.224;12462;275556;350236;1580;2077.4;530356;174860;20982
2944.199951;78961;138.2666677;139827.3333;668.0333252;4.249999921;40.29999924;8029.1255;2413.3767;2667.456;16218.6397;19500.176;5126.9571;12462;284104;355744;1583.2;2110.7;530232;177689;21274
2962.300049;79511;138.3400014;140602.6667;687.7333374;5.01000007;40.69999949;8141.1062;2395.6898;2667.173;16292.8039;19292.3929;5114.2494;12464;292620;360296;1601.6;2146.7;534848;180633;21607
2977.300049;80228.66667;139.3466644;141401.6667;706.666687;4.230000019;41;8235.4983;2394.1455;2666.651;16337.7756;19050.0184;5116.4728;12464;295712;360696;1608;2169;540848;182430;21999
3037.300049;81213.33333;141.6533305;143005.3333;727.833313;3.436666727;41.3333346;8275.0324;2409.8135;2670.346;16396.1723;19051.9266;5119.5245;12682;294768;359324;1629.6;2196.3;547684;187554;22486
3089.699951;81875;143.1766663;143758.6667;746.6666667;3.77000006;41.59999975;8307.0056;2411.468;2674.827;16459.1714;18943.4737;5104.0344;12682;302812;369408;1646;2201.7;542472;191288;22980
3125.800049;82450.33333;144.0466665;144522.6667;771.7333374;4.219999949;41.93333308;8364.6317;2421.6666;2678.699;16549.8097;18979.5344;5158.5718;12695;303968;369984;1665.6;2224.3;548868;195027;23455
3175.5;83002;145.5900014;145215;797.1666667;4.863333384;42.36666743;8430.4701;2437.465;2685.888;16679.2023;19007.4762;5194.5131;12695;312240;378224;1696.8;2258.3;556768;199898;23940
3253.300049;83841.66667;147.6766663;145964.3333;816.6999919;5.699999968;43.0333341;8605.5492;2468.6407;2698.822;16779.3515;18941.1184;5268.0858;12791;321892;396728;1724;2303.7;562932;206426;24408
3267.600098;84797.33333;149.1833344;146719.6667;830.2666626;6.603333473;43.93333435;8784.769;2469.7663;2706.937;16877.4039;19059.133;5224.2468;12791;324804;397376;1733.6;2329.3;578424;208321;24836
3264.300049;85330.33333;150.0566661;147478.3333;843.1333211;8.323333422;44.80000051;8762.6003;2473.1021;2710.402;16984.8801;19294.983;5250.2933;13040;325904;398052;1740.4;2351.9;597588;208346;25204
3289.100098;86236;150.9133352;148226;854.6666667;7.499999841;45.93333308;8889.8302;2475.4756;2707.585;17084.2335;19442.6993;5292.3558;13040;334792;393472;1748.4;2378.8;607696;210189;25645
3259.399902;86709.33333;151.2699992;148986.6667;870.7666626;7.616666635;47.29999924;9001.7778;2471.1655;2697.768;17176.2221;19588.2699;5254.7793;13056;338124;383204;1752.4;2402.5;620980;204991;26113
3267.600098;86833.66667;150.8000031;149746.6667;881.6666667;8.153333187;48.56666565;9090.7063;2478.8512;2682.932;17214.4324;19592.34;5253.5669;13056;340080;391424;1744;2410.8;622052;206565;26394
3239.100098;87079;151.4433339;150498;891.4666545;8.190000216;49.93333308;9180.2779;2487.4593;2666.386;17183.3529;19532.4844;5218.6454;13102;342136;395212;1743.6;2439;618708;209169;26581
3226.399902;86588.33333;150.0500031;151253;904.7333374;7.359999975;51.46666718;9225.4808;2482.4336;2645.54;17094.9932;19690.8457;5219.1527;13102;344600;388856;1719.6;2402.6;605988;207909;26629
3154;85356.66667;146.4833323;151987.3333;921.2666626;5.75;52.56666565;9162.4839;2473.7452;2623.209;17062.9199;19856.4144;5199.4701;12938;344236;390240;1696.8;2386;598072;207604;26544
3190.399902;85331.66667;145.4933319;152707.6667;955;5.393333435;53.19999949;9267.2008;2469.9714;2606.423;17039.4153;19623.9938;5215.7127;12938;347468;385536;1708.4;2395.5;596464;212460;26464
3249.899902;86135.66667;146.7333323;153579;989.7333374;6.330000083;54.26666641;9312.178;2463.8462;2592.394;17037.5983;19640.9505;5236.6431;12799;352636;384464;1726.8;2407;598924;214823;26532
3292.5;86497;148.5299988;154336.3333;1014.233337;5.626666705;55.26666641;9393.9198;2457.4318;2584.036;17104.0522;19742.5081;5239.1188;12756;356112;387228;1744.8;2439.5;612448;217300;26750
3356.699951;87685.66667;150.6166636;155075;1046.266683;4.916666667;55.90000025;9454.6711;2450.3255;2583.066;17182.9156;19560.6894;5267.4846;12654;364252;395564;1782.8;2470.6;622848;219348;27031
3369.199951;88591;151.1233368;155773.6667;1078.800008;5.156666597;56.40000025;9452.955;2448.6061;2586.94;17280.047;19772.9593;5241.0074;12617;372560;393188;1804.4;2502.1;634088;220839;27312
3381;89163;151.7966665;156526.6667;1108.366659;5.149999936;57.29999924;9502.5239;2447.6431;2589.774;17370.3352;20112.8798;5280.6635;12581;375124;396632;1813.6;2520;644608;223686;27594
3416.300049;89570.33333;152.7599996;157222;1149.466634;4.673333327;58.13333384;9499.0274;2450.9185;2591.634;17423.6833;19984.1561;5292.549;12621;374816;405056;1840;2543.8;660956;224237;27864
3466.399902;90359.33333;153.9033356;157910.6667;1188.266683;4.629999955;59.19999949;9549.8774;2451.2563;2588.98;17464.0227;20103.1564;5312.5219;12621;381040;404664;1846.8;2571.3;669508;229667;28080
3525;91661.33333;156.3700002;158652.3333;1220.866659;4.839999994;60.23333359;9629.6722;2451.1308;2588.216;17477.0387;20315.1698;5334.5994;12652;382472;403584;1849.2;2580.1;661720;231358;28194
3574.399902;92409;158.1966654;159429.6667;1250.500041;5.49666659;61.06666565;9682.9635;2452.5819;2592.453;17532.784;19946.0624;5354.3309;12633;384924;406844;1865.2;2600;660752;232789;28257
3567.199951;93639.33333;159.7533366;160140.3333;1278.233317;6.109999975;61.9666659;9745.9965;2455.002;2598.091;17604.3746;19881.5762;5366.8213;12630;392052;412916;1883.6;2608.1;657700;236213;28388
3591.800049;94552.66667;160.6633301;160828.6667;1302;6.393333276;63.0333341;9818.238;2461.548;2603.399;17604.9423;20083.4136;5377.5151;12530;395840;415368;1894.8;2638.3;667868;239944;28551
3707;95835.33333;164.5166677;161525.3333;1325.300008;6.476666609;64.46666718;9947.3353;2466.7397;2608.942;17619.4839;20172.4895;5419.522;12423;401604;419840;1907.2;2679.3;680592;241927;28637
3735.600098;96397;165.8633321;162265;1351.733358;7.313333352;65.96666718;10052.3823;2475.4651;2616.509;17597.4524;20202.1792;5400.6611;12368;404332;423548;1925.6;2681.8;695824;245174;28694
3779.600098;97399.66667;167.7366689;163024;1380.299967;8.570000013;67.5;10132.6347;2492.3789;2623.907;17630.5643;20173.7705;5433.6096;12310;409172;425536;1944.8;2707.2;701644;248232;28687
3780.800049;98252.33333;168.8033295;163756.3333;1403.033325;9.383333206;69.19999949;10240.2997;2494.6708;2635.88;17638.3677;20202.8918;5453.0988;12233;413924;423436;1958.4;2728.1;707796;252052;28576
3784.300049;98371;169.1766663;164447.3333;1436.166707;9.376666705;71.39999898;10318.6998;2506.4764;2649.225;17685.0298;20286.2649;5474.293;12195;416284;441552;2004.8;2750.4;717408;256608;28574
3807.5;99040.66667;170.5833384;165199.6667;1471.666667;9.673333486;73.69999949;10451.4263;2512.0596;2663.172;17728.7065;20442.9606;5489.4527;12190;420472;431524;2010.8;2789;732648;258860;28659
3814.600098;99637;170.9766693;166054.6667;1492.06665;11.84333324;76.03333282;10572.2947;2515.9009;2678.845;17748.5913;20570.4961;5502.569;12096;422632;434884;2024.4;2786.2;747784;261140;28809
3830.800049;99862.33333;171.2733307;166762.3333;1518.533325;13.35333316;79.03333282;10629.7974;2509.6887;2691.287;17780.2499;20497.103;5506.7549;11956;423784;432876;2038.4;2822.2;758700;264969;29019
3732.600098;98953.33333;169.0466665;167415.6667;1536.200033;9.616666635;81.69999949;10645.6794;2499.6284;2697.173;17755.6772;20635.7059;5528.1721;11813;423152;423936;2012.8;2801.2;758404;264511;29062
3733.5;98899;168.1633301;168110.6667;1589.666667;9.153333664;83.23333232;10718.2742;2473.4324;2699.882;17735.5946;20764.6799;5559.4309;11775;421240;421108;2014;2808.9;752868;266693;29031
3808.5;99498.66667;170.1533305;168693.6667;1625.233317;13.61333307;85.56666565;10842.2459;2444.1805;2702.083;17722.2975;20794.9062;5550.6953;11642;429972;416040;2007.6;2800.9;754820;269959;28998
3860.5;100239;171.2033335;169279;1654.166667;14.39000003;87.93333181;10967.7295;2420.7588;2703.493;17727.7557;20673.1822;5569.3764;11545;438696;415576;2011.2;2801.6;757072;274225;28878
3844.399902;100800.6667;170.8033346;169837.3333;1697.766683;14.90666612;89.76666514;11039.9045;2400.0213;2698.934;17645.4006;20535.4929;5572.9795;11452;444280;415192;2015.6;2830.3;762512;274699;28920
3864.5;100482;170.6533305;170412.6667;1733.299967;15.05333328;92.26666514;11045.7322;2385.8979;2691.603;17581.985;20457.8264;5583.9214;11463;440320;420632;2028.8;2849.1;759768;277250;29010
3803.100098;100076.6667;169.7833354;170990.3333;1777.200033;11.75;93.76666768;10953.8847;2371.0857;2682.526;17666.2012;20503.9543;5600.5257;11372;437212;420704;2024.4;2884.2;762116;278361;29096
3756.100098;99708.66667;167.8133341;171497;1818.866699;12.81333319;94.59999847;10828.1061;2367.7479;2674.534;17690.5146;20502.1072;5619.1389;11346;432184;421772;2009.6;2897.2;766952;280980;29252
3771.100098;99745;166.9966634;172020;1853.699992;12.42000008;95.96666718;10670.1012;2357.853;2669.991;17777.0211;20622.7836;5630.3619;11366;426884;425220;2007.6;2916;766476;284785;29394
3754.399902;99543.33333;165.4199982;172521.6667;1894.699992;9.316666921;97.6333313;10512.676;2342.4163;2659.284;17800.015;20440.3172;5623.7815;11346;424096;425788;1995.2;2913.4;755936;285639;29484
3759.600098;99119.66667;164.3433329;173046;1939.833293;7.906666597;97.93333181;10464.1002;2327.5547;2644.899;17801.2107;20412.0108;5680.8414;11325;420716;428228;1993.6;2928.1;758600;288296;29588
3783.5;99143;164.9733327;173505;2040.466634;8.106666724;98;10520.6177;2324.9109;2629.904;17767.203;20493.7399;5720.2989;11214;427860;436656;2007.6;2926.1;765044;289550;29812
3886.5;99945;166.7133331;173957.3333;2097.466715;8.396666527;99.13333384;10632.9265;2330.6318;2623.1;17741.816;20596.4666;5730.1643;11286;437488;437984;2034.4;2940.8;766120;290587;30028
3944.399902;101610.6667;169.1366679;174449.3333;2133.566732;9.140000025;100.100001;10752.7055;2353.1663;2623.611;17730.8636;20559.2746;5734.0946;11296;444516;442216;2038.8;2927.8;770176;294779;30178
4012.100098;102588;171.8166656;174950.3333;2177.166585;8.800000191;101.100001;10796.2455;2370.6533;2623.361;17702.4408;20582.8107;5744.4503;11249;447928;446696;2060;2940.9;776140;295825;30314
4089.5;103664;174.5900014;175678.6667;2220.299967;9.170000076;102.5333328;10822.8071;2382.4562;2626;17646.4484;20607.7088;5728.795;11008;455316;451612;2088.8;2982.1;785224;300372;30361
4144;105040;176.4166616;176125.3333;2266.399984;9.796666463;103.5;10859.6574;2392.1878;2627.596;17590.8527;20528.556;5758.156;10943;465812;449364;2072;2953.5;787700;304780;30441
4166.399902;105362.6667;177.9400024;176595.3333;2302.466634;10.32000001;104.399999;11002.5743;2399.9859;2628.871;17564.2558;20649.3239;5778.5796;10945;471064;449216;2093.6;2969.6;792804;306420;30567
4194.200195;105944.3333;179.2366638;177132.3333;2353.833333;8.803333282;105.3000005;11044.3838;2411.6759;2635.77;17520.2942;20735.3825;5798.9071;10812;476476;454332;2107.6;2984.6;794420;308877;30728
4221.799805;106615.3333;180.3100026;177522.3333;2423.833252;8.183333715;106.2666677;11046.6637;2421.2977;2639.238;17548.4807;20616.4715;5807.7203;10776;482464;461444;2113.6;2992.7;796864;313649;30974
4254.799805;106791;181.2133331;177946.3333;2462.233317;7.459999879;107.2333323;11181.7015;2422.2382;2644.68;17580.3043;20733.8159;5802.207;10771;484124;468720;2128.8;3015;808000;319462;31198
4309;107186.3333;182.1399943;178413.3333;2517.833333;7.106666565;107.899999;11280.3056;2423.889;2652.098;17612.2132;20818.3402;5810.6465;10869;490064;469504;2145.6;3040.5;817124;321297;31449
4333.5;108023.3333;183.7366689;178940.6667;2559.799967;7.166666508;109;11380.5706;2425.3203;2660.012;17659.9029;20777.9403;5806.3617;10872;501096;472616;2144.8;3065.3;820332;326146;31666
4390.5;108734.6667;184.0766652;179825.3333;2594.733317;6.896666686;109.5666656;11486.4378;2423.6254;2672.023;17666.1966;20869.6846;5847.1304;10899;503960;478968;2157.2;3058.5;821564;322827;31822
4387.700195;109205.6667;184.0333354;180320.6667;2662.733317;6.140000025;109.0333328;11516.8282;2425.0957;2681.56;17683.4492;20825.3172;5835.8288;11052;505072;485084;2190;3108;834180;327748;32110
4412.600098;109970;184.9166718;180835.6667;2734.06665;5.523333391;109.6999995;11531.5183;2431.0665;2690.995;17698.4771;20787.4857;5864.2295;11148;507704;490628;2191.2;3119.7;836856;329883;32475
4427.100098;110492;186.0233358;181365.3333;2797.900065;5.353333314;110.4666672;11594.2152;2441.3006;2698.673;17696.0999;20954.1017;5867.285;11220;505928;497808;2203.2;3132.4;844444;334185;32888
4460;111206;187.8200022;182001.3333;2839.866618;5.536666711;111.9000015;11670.45;2450.5432;2699.321;17714.2053;20912.4245;5874.9293;11239;516156;501040;2190;3120.5;846700;335824;33396
4515.299805;112158;189.106664;182526.6667;2861.066732;5.656666597;113.1666667;11811.5189;2476.7428;2704.128;17777.9544;20788.734;5889.6624;11330;520876;507120;2209.2;3159;858208;337488;33915
4559.299805;112866.6667;190.5833384;183016;2884.800049;6.043333371;114.3666687;11907.8773;2496.5417;2707.46;17793.93;20828.2579;5921.2392;11521;531408;516440;2229.2;3193.1;863276;343516;34415
4625.5;113526.6667;191.9866689;183467;2918.733317;5.863333384;115.4333318;12056.4008;2524.5724;2711.728;17820.3466;20825.3234;5957.2331;11594;538480;521860;2253.6;3225.5;873504;350981;34863
4655.299805;114093.3333;193.4166667;183967.3333;2965.033366;5.7233332;116.299998;12163.3321;2503.8885;2716.739;17877.9306;20960.7134;5974.5345;11612;545360;529956;2280;3275;884688;356817;35284
4704.799805;114623;195.1666667;184389.3333;3021.366618;6.210000038;117.6333313;12225.403;2560.6429;2722.328;17932.4671;21215.9132;6004.9927;11709;552976;532876;2281.6;3299;892652;359287;35723
4734.5;115232.6667;196.2100016;184840.3333;3046.966634;7.009999911;119.0666656;12258.1312;2580.1451;2730.146;18004.8945;21251.3966;6019.7108;11851;554764;540624;2318;3331;900308;366514;36110
4779.700195;115947.3333;197.7533366;185253.3333;3072.833333;7.726666609;120.4000015;12332.6598;2602.7414;2739.509;18084.481;20996.5194;6044.6093;11920;558732;545404;2338;3364.3;903940;371038;36522
4817.600098;116835.3333;199.4043325;185772.6667;3091.000081;8.539999962;121.7666677;12427.1205;2632.0999;2746.837;18174.3324;20953.5614;6073.4113;12004;564664;547152;2354.8;3421.7;911440;375802;36967
4839;117204.6667;200.0173289;186178;3107;8.409999847;123.6999995;12443.2932;2638.725;2756.138;18243.5942;20908.0877;6115.2204;12194;565456;548900;2385.6;3453.9;916400;375289;37418
4839;117493.6667;200.3389994;186602.3333;3164.56665;7.843333403;124.6999995;12514.6277;2641.6598;2768.764;18311.897;20978.7876;6147.3216;12427;567484;549480;2386;3459.2;926760;382915;37840
4856.700195;117774.3333;201.760671;187017.6667;3222.700033;7.653333346;125.9333344;12557.6282;2654.0187;2783.685;18402.5344;21185.7676;6176.7824;12408;568340;550228;2420;3498.6;932256;387681;38221
4898.299805;118099.6667;202.4796702;187411.3333;3269.799967;7.759999911;128.1000036;12602.1649;2657.1105;2810.527;18485.1966;21276.6815;6212.225;12482;570308;552760;2468.8;3539.7;936240;389183;38586
4917.100098;118219.6667;203.4443309;187824.6667;3300.800049;7.74666659;129.4003347;12611.9751;2659.0696;2830.38;18585.4221;21307.582;6232.1807;12557;567836;555764;2485.2;3540.2;936688;397852;38892
4906.5;117847.6667;203.2703349;188266;3333.333333;7.476666609;131.633667;12579.0945;2648.9484;2853.541;18649.9465;21286.9621;6256.9891;12657;564980;550264;2544.8;3549.5;950596;402572;39166
4867.200195;117497.6667;201.491333;188696;3351.299967;6.98999993;133.8666687;12493.6237;2635.2198;2879.208;18705.7379;21361.6653;6297.0776;12620;557496;545684;2587.2;3550.9;942028;406441;39429
4842;116875.6667;199.7936707;189111.6667;3383.366699;6.023333232;134.8663279;12299.1611;2614.496;2898.467;18729.7536;21538.6069;6334.5012;12580;549928;543116;2609.6;3540.5;948080;410697;39589
4867.899902;116978.3333;199.2980042;189523.3333;3421.366699;5.560000102;135.6666667;12344.4548;2588.3425;2922.009;18764;21602.9523;6354.2295;12622;555948;539872;2661.2;3561.6;949236;414723;39763
4879.899902;116795;199.5096639;189978;3430.800049;5.376666546;136.6996663;12351.0258;2572.2;2941.233;18835;21617.2594;6376.3462;12677;556516;538660;2654.8;3587;953804;417767;40014
4880.799805;116827;199.7370046;190448.6667;3447.5;4.539999962;137.833669;12338;2558.8;2941.5519;18684;21610.6484;6388.7;12559;556548;539584;2660.4;3602;959620;420919;40205
4918.5;117101.3333;199.9859975;190888.3333;3481;3.893333276;138.7666626;12275;2550.8;2950.1;18668;21525;6426.2;12449;557288;535916;2706;3628.1;965444;422374;40309
4947.5;117567.3333;200.2006683;191310;3483.100016;3.680000067;139.8336639;12250;2532;2947.3;18739;21781;6407.5;12457.7;558008;536312;2687.6;3623.2;964480;421740;40296
4990.5;117761.3333;200.7196655;191786.3333;3492.533285;3.083333413;140.899999;12275;2505.2;2944.4;18731;21396;6413.7;12412.4;558200;538376;2690.8;3623.5;954336;418989;40162
5060.700195;117950.6667;201.9119975;192318.6667;3515.066732;3.070000013;142.0996653;12325;2497.1;2935.8;18506;21097;6451.1;12145.9;559164;539608;2680.8;3609.1;954360;419466;39911
5075.299805;118394;203.0146688;192796.3333;3506.600016;2.960000038;143.1666667;12401;2489.1;2918.5;18446;20797;6432.4;11881.7;563824;543352;2632;3563.4;949840;421283;39760
5105.399902;118984;204.6393331;193288.3333;3526.200033;2.966666619;144.2333323;12426;2491.8;2904.2;18499;20433;6426.2;11867.6;569864;546404;2643.6;3564.4;949868;419638;39656
5139.399902;119543.3333;205.9213359;193799;3550.666748;3.00333333;144.8333333;12464;2505.2;2895.5;18471;20284;6444.9;11877.3;571684;552204;2654.4;3569.3;941576;420667;39672
5218;120311.3333;207.4139964;194314.6667;3574.899984;3.059999943;146;12514;2502.5;2884;18317;20155;6451.1;11723.5;576792;555812;2661.2;3574.5;952092;417277;39814
5261.100098;122090.3333;208.8013357;196085.3333;3590.93335;3.24333334;146.7670034;12552;2494.4;2872.6;18360;19834;6457.4;11698;583056;560672;2692;3608.5;955504;420614;40107
5314.100098;122580;211.2990011;196522;3606.333252;3.9866666;147.7003326;12653;2494.4;2863.9;18562;19856;6451.1;11761;592428;569164;2704.4;3653.9;964924;421314;40379
5367;123207.3333;212.2120005;197050;3615.199951;4.476666609;148.9996643;12779;2510.5;2863.9;18634;19706;6438.6;11748;600496;573652;2715.6;3683.2;977640;424934;40628
5433.799805;124371.3333;214.1019999;197600.6667;3612.900065;5.279999892;149.8330027;12854;;2866.8;18542;;6426.2;11799;609180;577664;2730;3707;977872;421231;40933
